,Australia,Austria,Belgium,Canada,Czech Republic,Denmark,Finland,France,Germany,Greece,Hungary,Iceland,Ireland,Italy,Japan,Korea,Lithuania,Luxembourg,Netherlands,New Zealand,Norway,Poland,Portugal,Slovak Republic,Slovenia,Spain,Sweden,Switzerland,United Kingdom,United States,EU Institutions,Azerbaijan,Bulgaria,Croatia,Cyprus,Estonia,Israel,Kazakhstan,Kuwait,Latvia,Liechtenstein,Malta,Monaco,Qatar,Romania,Saudi Arabia,Chinese Taipei,Thailand,Timor-Leste,Türkiye,United Arab Emirates
Afghanistan,50.54,3.82,2.63,113.21,3.02,108.18,35.8,44.48,619.12,0,0.07,1.82,7.61,97.01,212.53,28.43,0.24,9.53,31.55,4.24,80.17,1.03,3.43,0.68,0.49,9.32,115.26,61.71,258.89,1480.72,350.23,0,0.12,0.01,0.06,0.89,0.01,2.42,0,0.01,0.22,0.07,0,30.23,0.35,0,0,0.01,0,30.84,133.98
Albania,0.01,13.92,0.04,0.01,0.24,0.01,0.07,6.49,190.43,1.9,0.51,0,0.14,13.59,-1.58,-1.1,0.01,0.2,0.17,0,0.12,0.16,0.01,0.27,0.08,-0.37,14.77,32.39,4.82,12.6,371.11,0,0.09,0.2,0,0,0.18,0,11.93,0.2,0.06,0,0,5.2,1.53,0,0,0,0,3.95,2.89
Algeria,0,0.45,0.12,-0.39,0.05,0,0.12,100.03,30.91,0,1.46,0,0,1.4,0.5,2.16,0.01,0.04,0.23,0.03,1.16,0.28,0.3,1.4,0,-13.56,3.25,2.32,8.51,2.55,36.88,0,0,0,0,0,0.01,0,0,0,0,0,0,1.7,0.09,0,0,0,0,1.52,15.15
Angola,0,0.01,0.35,2.33,0.02,0.29,0,29.7,5.11,0,0.76,0,0,3.96,7.99,5.99,0,0,0.15,0.02,6.18,-2.42,17.84,0,1.01,18.39,2.04,0.11,2.02,41.71,51.79,0,0.01,0,0,0,0,0,0,0,0,0,1.66,0.51,0.09,0,0,0,0,0.22,0
Anguilla,0,0,0,0,0,0,0,0,0,0,0,0,0,0,0,0,0,0,0,0,0,0,0,0,0,0,0,0,0,0,0,0,0,0,0,0,0,0,0,0,0,0,0,0,0,0,0,0,0,0,0
Antigua and Barbuda,0.06,0,0,0.16,0,0,0,0,0,0,0,0,0,0,1.86,0,0,0,0,0,0,0.01,0,0,0,0.13,0.03,0,0.13,-0.04,0.67,0,0,0,0,0,0,0,0,0,0,0,0,0,0,0,0,0,0,0,2.2
Argentina,0.06,0.54,0,4.42,0.01,0.35,0,13.45,11.61,0,0.3,0,0.01,-1.45,6.96,0.16,0,0.27,0.17,0.07,0.08,0.04,0.39,0,0,8.32,0.96,0.3,4.55,5.44,10.28,0,0,0,0,0,2.77,0,17.61,0,0,0,0,0,0,0,0,0.01,0,0.21,2.78
Armenia,0,5.19,0.77,0.9,0.33,0.08,0.03,36.04,54.44,0.03,0.65,0,0.05,0.23,-1.71,0.67,0.73,0,0.29,0,0.04,1.81,0.01,1.39,0,0,5.42,3.36,5.79,37.7,88.36,0,0.11,0,0,0.01,0.05,0,0,0,0.02,0,0,0.06,0.08,0,0,0,0,0.01,-0.59
Aruba,0,0,0,0,0,0,0,0,0,0,0,0,0,0,0,0,0,0,0,0,0,0,0,0,0,0,0,0,0,0,0,0,0,0,0,0,0,0,0,0,0,0,0,0,0,0,0,0,0,0,0
Azerbaijan,0,0.49,0,1.35,0,0.03,0.01,44.04,-10.6,0,4.28,0,0,0.51,-23.81,4.84,0.24,0.11,0.18,0,0,2.62,0,0.01,0,0.01,0.91,4.83,3.15,13.25,26.66,0,0.03,0,0,0.03,0.46,0,-0.93,0.06,0,0,0,0.08,0.18,0,0,0,0,44.24,-4.82
Bahamas,0,0,0,0,0,0,0,0,0,0,0,0,0,0,0,0,0,0,0,0,0,0,0,0,0,0,0,0,0,0,0,0,0,0,0,0,0,0,0,0,0,0,0,0,0,0,0,0,0,0,0
Bahrain,0,0,0,0,0,0,0,0,0,0,0,0,0,0,0,0,0,0,0,0,0,0,0,0,0,0,0,0,0,0,0,0,0,0,0,0,0,0,0,0,0,0,0,0,0,0,0,0,0,0,0
Bangladesh,93.06,6.09,1.21,86.01,0.23,21.99,0.56,175.9,133.88,0,2.81,0,2.57,2.24,1952.92,224.14,0.02,4.53,30.07,0.07,17.86,17.5,0,0,0,1.08,54.15,42.11,119.94,443.83,234.53,0,1.81,0,0,0.05,0,0,29.75,0,0,0,0,3.7,0,0,0,0.06,0,4.93,-0.57
Barbados,0,0,0,0,0,0,0,0,0,0,0,0,0,0,0,0,0,0,0,0,0,0,0,0,0,0,0,0,0,0,0,0,0,0,0,0,0,0,0,0,0,0,0,0,0,0,0,0,0,0,0
Belarus,0,1.78,0.24,1.52,1.31,0.05,0.17,1.34,15.04,0,0.61,0.22,0,0.28,0.16,1.59,3.47,0.01,0.86,0,0.47,56.27,0,0.51,0.02,0.01,1.43,0.45,3.62,8.58,4.5,0,0,0,0,1.34,1.57,0,-1.06,0.21,0.01,0,0,0,0.17,0,0,0,0,0.05,0.69
Belize,0,0.01,0,1.05,0,0,0,0,0.11,0,0,0,0,0,0.66,0.04,0,0,0,0,0,0.01,0,0,0,0,0.04,0,1.58,5.47,9.22,0,0,0,0,0,0,0,-1.35,0,0,0,0,0,0.01,0,0,0,0,0,3.04
Benin,0,0.01,27.29,17.85,0,0.41,0.16,84.69,55.43,0,0.03,0,0.02,5.5,8.83,0.3,0,1.68,41.48,0,0.67,0.01,0,0,0,0.26,1.33,28.67,0.04,171.23,55.04,0,0,0,0,0,0.03,0,-1.37,0,0,0,0,2.33,0.03,0,0,0.04,0,0.4,0.17
Bermuda,0,0,0,0,0,0,0,0,0,0,0,0,0,0,0,0,0,0,0,0,0,0,0,0,0,0,0,0,0,0,0,0,0,0,0,0,0,0,0,0,0,0,0,0,0,0,0,0,0,0,0
Bhutan,2.48,0.64,0,0.48,0,0,0.22,0.04,2.66,0,0,0,0,0.05,9.31,2.96,0.02,0,0,0.2,0.07,0,0,0,0,0,0.46,0.21,0.27,1.22,6.67,0,1.16,0.07,0,0,0.05,0,0,0,0,0,0,0,0,0,0,0.7,0,0,0
Bolivia,0.04,0.4,6.86,11.32,0.01,0.64,0.44,150.82,37.7,0,0,0,0.11,4.1,23.58,9.44,0,0.62,0,0.09,2.12,0.04,0,0,0,42.42,31.18,24.99,2.07,8.39,40.28,0,0,0,0,0,0.08,0,0,0,2.05,0,0,0,0,0,0,0,0,0.03,0.07
Bosnia and Herzegovina,0.02,26.46,0,0.12,5.79,0.07,0.17,2.77,48.61,0.97,10.75,0,0,4.98,3.34,-3.37,0,0.14,0.13,0,3.99,-0.26,-6.24,0.35,7.44,-12.61,28.6,30.04,6.59,61.03,331.03,0,0.46,13.78,0,0,0.2,0,-2.74,0,1.27,0,0,0.05,0.03,0,0,0,0,8.64,0.47
Botswana,0.33,0,0,0.21,0,0,0.23,1.52,1.31,0,0,0,0,0,8.83,0.32,0,0,0,0.2,0.05,0.02,0.04,0,0,0,0.6,0,3.24,54.98,6.27,0,0,0,0,0,0.04,0,-0.47,0,0,0.01,0,0,0,0,0,0.02,0,0.07,0
Brazil,0.12,2.91,1.48,1.24,0.04,0.34,0.24,470.28,31.87,0,3.89,0,0.47,12.84,247,0.97,0.01,1.28,0.29,0.12,25.65,0.52,8.19,0,0.04,6.93,3.43,2.94,38.85,46.86,163.35,0,0,0,0,0,3.79,0,0,0,0,0,0,0.34,0.08,0,0,0,0,0.03,0.12
British Virgin Islands,0,0,0,0,0,0,0,0,0,0,0,0,0,0,0,0,0,0,0,0,0,0,0,0,0,0,0,0,0,0,0,0,0,0,0,0,0,0,0,0,0,0,0,0,0,0,0,0,0,0,0
Brunei Darussalam,0,0,0,0,0,0,0,0,0,0,0,0,0,0,0,0,0,0,0,0,0,0,0,0,0,0,0,0,0,0,0,0,0,0,0,0,0,0,0,0,0,0,0,0,0,0,0,0,0,0,0
Burkina Faso,0,13.64,39.39,49.56,0.28,41.56,1.73,126.98,69.94,0,0,0.22,1.31,17.72,63.85,1.75,0,33.15,31.59,0,7.77,0,0,0,0,4.43,53.54,52.68,0.28,180.88,102.65,0,0,0,0,0,0.09,0,-1.44,0,3.24,0,1.36,6.5,0.01,0,0,0,0,0.34,-0.1
Burundi,1.32,0.11,36.39,5.44,0,0.36,0.89,8.93,30.85,0,0,0,2.5,4.17,11.18,0.34,0,0.67,37.73,0,3.15,0.12,0,0,0,1.8,2.82,8.67,1.1,61.56,67.77,0,0,0,0,0,0.06,0,0.59,0,0,0,0.74,0.04,0,0,0,0.01,0,0.36,0.39
Cabo Verde,0.02,0.27,1.59,0.2,0.05,0,0,1.19,1.09,0,9.87,0,0,1.66,7.64,0.21,0,22.09,0,0,0,0,10.49,0,1.02,0.67,0.12,0.03,0.3,1.56,20.33,0,0,0,0,0,0.01,0,0.99,0,0,0,0,0,0,0,0,0,0,0,0.02
Cambodia,78.22,0.08,4.14,2,2.04,2.17,1.49,111.5,55.09,0,0.33,0,1.42,0.29,459,113.08,0,1.27,0.15,8.69,4.71,0.02,0,0.02,0,-10.31,23.55,19.73,2.8,108.63,105.62,0,0,0,0,0,0.06,0,0,0,0,0,0,0.96,0,0,0,10.12,0,0.12,0.94
Cameroon,0.58,0.35,2.64,15.84,0.05,1.36,0,135.74,137.14,0,0.02,0,1,7.58,34.03,30.25,0.01,0.35,0,0,2.98,0.51,0,0,0,-0.99,13.28,10.48,11.05,141.06,105.9,0,0,0,0,0,0.21,0,-3.85,0,0,0,0,1.69,0.08,0,0,0.03,0,0.85,0.3
Cayman Islands,0,0,0,0,0,0,0,0,0,0,0,0,0,0,0,0,0,0,0,0,0,0,0,0,0,0,0,0,0,0,0,0,0,0,0,0,0,0,0,0,0,0,0,0,0,0,0,0,0,0,0
Central African Republic,0,0.01,0,13.18,0,2.76,2.24,30.53,69.27,0,0,0,6.23,7.81,6.45,2.09,0,1.4,4.84,0,7.28,0,1.03,0,0,0.7,19.48,10.99,13.65,122.11,88.17,0,0,0,0,0,0,0,0,0,0,0,0,0,0,0,0,0,0,0.1,1.5
Chad,0.03,0.03,0,10.98,0,0.88,0,84.9,37.61,0,0,0,2.58,5.34,9.48,4.38,0,0.98,0,0,0,0,0,0,0,7.1,11.61,29.4,1.65,111.74,87.65,0,0,0,0,0,0.1,0,3.85,0,0,0,0,3.53,0.05,0,0,0,0,1.2,2.63
Chile,0,0,0,0,0,0,0,0,0,0,0,0,0,0,0,0,0,0,0,0,0,0,0,0,0,0,0,0,0,0,0,0,0,0,0,0,0,0,0,0,0,0,0,0,0,0,0,0,0,0,0
China (People's Republic of),0.21,6.42,0.44,-20.9,0.04,0.41,0.22,0,359.9,0.01,5.21,0,0.05,-21.83,-800.55,-4.99,0.04,0.04,3.36,0.24,8.88,-11.04,1.39,0,0,-28.24,2.69,2.66,71.16,14.06,73.45,0,0,0,0,0,9.68,0,-20.64,0.03,0,0,0,1.54,0.02,0,0,0.32,0,0.67,0.01
Colombia,0.06,3.21,1.74,37.18,0.23,1.01,1.15,300.03,286.64,0,0.72,0,2.85,3.79,2.65,125.52,0.03,0.44,4.01,0.48,72.16,0.42,1.05,0,0,82.83,55.71,38.17,58.07,673.18,77.1,0,0,0,0,0,0.69,0,0,0,0,0,0,0.19,0.08,0,0,0,0,1.3,6
Comoros,0.02,0,0,0.22,0,0,0,46.33,0.02,0,0,0,0,0,1,1,0,0,0,0,0,0.05,0,0,0.01,0,0.15,0,0.2,0.77,4.63,0,0,0,0,0,0,0,0,0,0,0,0,0,0,0,0,0,0,0.23,34.71
Congo,0,0,0.94,0.99,0,0.11,0,48.81,0.7,0,0,0,0.02,0.83,8.78,0,0,0,0.52,0,0.9,0.08,0.01,1.4,1.55,1.06,0.74,0.31,0.1,19.96,9.49,0,0,0,0,0,0.02,0,0,0,0,0,0,0,0.03,0,0,0,0,0.26,0.9
Cook Islands,0,0,0,0,0,0,0,0,0,0,0,0,0,0,0,0,0,0,0,0,0,0,0,0,0,0,0,0,0,0,0,0,0,0,0,0,0,0,0,0,0,0,0,0,0,0,0,0,0,0,0
Costa Rica,0.01,0.47,0.06,2.73,0,0,0,5.59,3.12,0,0.05,0.06,0,0.08,-5.93,3.41,0.01,0,0.44,0.06,0,0.03,0,0,0,6.28,1.09,0.2,1.13,32.48,4.33,0,0,0,0,0,0.3,0,0,0,0,0,0,0.06,0,0,0,0,0,0.04,0.83
Cote d'Ivoire,0.05,1.16,0.34,10.16,0,0,0,359.54,92.74,0,0,0,0.02,4.34,34.26,35.52,0.06,0.14,0.02,0,0.19,0.02,0.4,0,0,11.48,1.33,0.56,4.75,188.17,96.89,0,0,0,0,0,0.23,0,2.06,0,0,0,0,0.07,0.02,0,0,0,0,0.27,0.02
Croatia,0,0,0,0,0,0,0,0,0,0,0,0,0,0,0,0,0,0,0,0,0,0,0,0,0,0,0,0,0,0,0,0,0,0,0,0,0,0,0,0,0,0,0,0,0,0,0,0,0,0,0
Cuba,0.01,0.14,4.48,3.16,0.34,0,0,16.83,1.96,0,0.2,0,0,15.8,10.16,1.13,0,0.04,0.29,0.03,1.04,0.04,0.19,0,0.2,6.43,3.81,13.32,2.03,8.01,25.39,0,0,0,0,0,0.02,0,3.43,0,0,0,0,0,0.08,0,0,0,0,0.01,0.74
Cyprus,0,0,0,0,0,0,0,0,0,0,0,0,0,0,0,0,0,0,0,0,0,0,0,0,0,0,0,0,0,0,0,0,0,0,0,0,0,0,0,0,0,0,0,0,0,0,0,0,0,0,0
Democratic People's Republic of Korea,0,0.01,0,1.27,0,0.08,0.59,0.4,1.98,0,0,0,0.59,0.02,0,0,0,0,0,0,0.47,0.04,0,0,0,0,0.8,5.59,0.19,0.01,2.93,0,0,0,0,0,0.01,0,0,0,0.08,0,0,0,0.04,0,0,0,0,0,0
Democratic Republic of the Congo,2.53,0.41,113.01,68.93,0.01,2.08,2.18,35.23,191.2,0.02,0.47,0.24,7.85,12.13,42.13,24.43,0,4.54,25.45,0,30.43,0.1,0,0,0.05,6.17,115.27,35.4,100.36,898.85,215.16,0,0,0,0,0,0.04,0,-0.62,0,0,0,0,0,0.07,0,0,0,0,0.36,0.58
Djibouti,0,0,0,0.28,0,1.15,0.02,10.04,0.18,0.34,0,0,0,0.48,11.82,0.2,0,0,0,0,0.3,0,0,0,0,-1.21,0.88,0,0.39,21.63,22.35,0,0,0,0,0,0,0,4.12,0,0,0,0,2.05,0,0,0,0,0,0.74,0
Dominica,0.03,0.01,0,1.4,0,0,0,-0.52,0.12,0,0,0.05,0,0,2.71,0,0,0,0,0.04,0,0,0,0,0,0.01,0,0,0.98,1.2,1.27,0,0,0,0,0,0,0,0.98,0,0,0,0,0,0,0,0,0,0,0,1.95
Dominican Republic,0.01,0.02,0.45,0.11,0,0,0.06,264.29,2.66,0,0,0,0,0.09,0.36,52.27,0,0,0.03,0.01,0,0.02,0,0,0,1.55,0.46,0.05,1.21,72.13,20.95,0,0,0,0,0,0.24,0,0,0,0,0,0,0.02,0,0,0,0,0,0.01,0.76
East African Community,0,0,0,0,0,0,0,0,0,0,0,0,0,0,0,0,0,0,0,0,0,0,0,0,0,0,0,0,0,0,0,0,0,0,0,0,0,0,0,0,0,0,0,0,0,0,0,0,0,0,0
Ecuador,0.03,0.49,7.34,8.41,0.02,0,0,40.39,42.84,0,1.87,0,0.03,3.21,12.07,10.88,0,0.05,0,0.01,2.36,0.2,0.04,0,0,9.21,0.79,1.05,1.45,70.77,51.36,0,0,0,0,0,0.2,0,0,0,0,0,0,0.07,0,0,0,0.02,0,0.21,0.19
Egypt,0.06,3.91,1.01,15,4.39,-3.49,0.38,169.62,-8.83,2.83,3.64,0.05,0.03,7.06,177.96,74.85,0,0.11,-0.06,0.33,2.94,3.51,2.54,0,1.71,39.23,5.87,26.93,22.45,46.8,2075.61,0,0,0,0,0.04,0.14,0,282.74,0,0,0.3,0,1.16,1.25,0,0,0.01,0,2.08,-6.53
El Salvador,0.01,0.59,2.27,5.69,0.01,0,0,27.4,-0.01,0,0,0.08,0,2.6,14.29,23.61,0,0.67,0.12,0.02,0.68,0.04,0.11,0,0,33.51,2.21,1.92,0.96,92.1,5.16,0,0,0,0,0,0.07,0,0,0,0,0,0,0.1,0,0,0,0,0,0.02,0.01
Equatorial Guinea,0,0,0,0.18,0,0,0,2.67,0.01,0,0,0,0,0,0.12,0.44,0,0,0,0,0,0,0.11,0,0,2.98,0.08,0.01,0.04,0.27,0.16,0,0,0,0,0,0,0,0,0,0,0,0,0,0,0,0,0,0,0.14,0.58
Eritrea,0.02,0.03,0,0.19,0,0.19,0.01,0.64,3.84,0,0.11,0,1.44,1.63,2.35,0,0,0,0,0,0,0.04,0,0,0,0,1.16,1.19,2.25,0,1.5,0,0,0,0,0,0,0,0,0,0,0,0,0.03,0,0,0,0,0,0.11,0
Eswatini,0.13,0,0,0.52,0,0,0.86,0.15,0.21,0,0,0,0,-0.62,5.51,0.19,0,0,0,0.08,0.93,0.01,0.05,0,0,0,0.47,0.66,0.55,59.23,30.22,0,0,0,0,0,0.02,0,0,0,0,0,0,0.06,0,0,0,0,0,0.06,-0.43
Ethiopia,8.5,16.05,10.63,99.08,4.45,65.85,37.21,43.92,174.23,0.02,1.79,1.17,47.97,53.05,60.96,87.78,0.13,3.01,75.66,3.56,88.34,2.2,1.25,0.13,0,11.96,85.32,25.37,164.77,1324.63,168.14,0,0,0,0,0.05,1.05,0,0.03,0,0.22,0,0,2.31,0,0,0,0.01,0,1.45,12.74
Fiji,193.15,0.06,0,0.15,0,0,0,0.64,1.33,0,0.02,0,0.03,0,121.25,5.57,0,0,0,80.6,0,0,0,0,0,0,0.34,0.1,1.77,2.58,9.43,0,0,0,0,0,0.15,0,0,0,0,0,0,0,0,0,0,0.04,0,0.01,0
French Polynesia,0,0,0,0,0,0,0,0,0,0,0,0,0,0,0,0,0,0,0,0,0,0,0,0,0,0,0,0,0,0,0,0,0,0,0,0,0,0,0,0,0,0,0,0,0,0,0,0,0,0,0
Gabon,0,0.19,0,0.33,0,0,0,53.4,0.78,0.34,0,0,0,0.12,6.15,0.66,0,0,0,0,17.65,0,0,0,0,0.07,0.09,0,0,2.43,4.64,0,0,0,0,0,0.01,0,0,0,0,0,0,0,0,0,0,0,0,0.06,0.02
Gambia,0.05,0.12,0.06,0.3,0,0,0.35,1.04,2.15,0,0.01,0,0,0.91,5.89,1.23,0,0,0.05,0,0.24,0.02,0,0,0,0.44,1.12,1.04,24.75,2.77,32.56,0,0,0.01,0,0.45,0.03,0,2.88,0,0,0,0,0.08,0,0,0,0.06,0,4.01,0.85
Georgia,0,6.04,0.01,0.23,4.68,0.86,1.51,194.68,256.45,0.02,1.23,0,0.45,0.19,-5.95,1.39,1.56,0.09,0.59,0,5.69,4.64,0.1,0.96,0.2,0.01,18.15,10.08,7.21,70.73,284.87,0,0.13,0,0,1.58,0.9,0,1.87,0.94,0.02,0,0,0.59,0.07,0,0,0,0,2.93,0
Ghana,1.68,2.99,1.02,52.71,0.76,7.63,0.98,44.6,262.41,1.04,3.61,0,0.51,1.17,31.75,39.74,0,0.08,9.26,0.3,6,0.54,0.12,0.01,0.09,-1.09,4.35,20.63,34.39,240.64,47.92,0,0,0,0,0.82,0.36,0,1.9,0,0,0.77,0,3.68,0,0,0,0.04,0,0.63,0.67
Gibraltar,0,0,0,0,0,0,0,0,0,0,0,0,0,0,0,0,0,0,0,0,0,0,0,0,0,0,0,0,0,0,0,0,0,0,0,0,0,0,0,0,0,0,0,0,0,0,0,0,0,0,0
Grenada,0.02,0.01,0,0.48,0,0,0,0.05,0.73,0,0,0,0,0,1.83,0,0,0,0,0.06,0,0,0,0,0,0,0,0,0.13,0,0.01,0,0,0,0,0,0,0,-1.16,0,0,0,0,0,0,0,0,0,0,0,1.5
Guatemala,0.01,5.59,2.37,16.45,0,0.64,0.27,1.87,26.42,0,0,0,1.62,0.73,11.9,9.57,0,0.41,0,0.07,5.3,0.02,0,0,0,35.2,38.9,4.69,2.43,252.41,41.31,0,0,0,0,0,0.46,0,0,0,0,0,0,0.34,0,0,0,0,0,0.01,0.25
Guinea,0,0,12.49,3.85,0.01,0.56,0.04,76.84,11.89,0,0.01,0,0.42,1.61,9.84,0.92,0,0.34,0,0,0.16,0.01,0.06,0,0,0.29,1.05,1.75,1.04,43.28,62.83,0,0,0,0,0,0.14,0,1.32,0,0,0,0,0,0.02,0,0,0,0,1.68,16.6
Guinea-Bissau,0.02,0.01,0,0.23,0,0,0,2.3,0.31,0,0,0.01,0.31,0.57,6.03,0,0,0,0,0,0.08,0,19.65,0,0,4.14,0.92,0.58,0.43,6.21,18.67,0,0,0,0,0,0.03,0,0,0,0,0,0,0,0,0,0,0,0,0.58,0.41
Guyana,0.01,0,0,4.83,0,0,0,0.76,0.77,0,0,0,0,-0.21,0.82,0.69,0,0,0,0.05,4.24,0,0,0,0,0.2,0.21,0,1.99,5.89,10.09,0,0,0,0,0,0,0,0,0,0,0,0,0,0.01,0,0,0,0,0.01,0.75
Haiti,0,0.05,5.68,56.56,0.12,0.03,1.26,70.95,7.21,0.12,0,0,2.4,2.37,6.72,2.31,0,1.58,0.35,0.71,5.79,0.01,0,0,0.24,-28.79,5.62,35.27,1.35,258.23,96.3,0,0,0,0,0,0.07,0,0.07,0,0.11,0,0.07,0.26,0.07,0,0,0,0,0.55,0.75
Honduras,0.01,0.17,1.11,22.83,0,0.1,0.58,0.29,19.86,0,0,0,1.37,0.07,16.01,10.54,0,0.08,0,0,1.28,0,0.01,0,0,9.86,3.3,19.8,0.39,174.67,50.31,0,0,0,0,0,0.28,0,-3.55,0,0,0,0,0,0,0,0,0,0,0.01,0.21
Hong Kong (China),0,0,0,0,0,0,0,0,0,0,0,0,0,0,0,0,0,0,0,0,0,0,0,0,0,0,0,0,0,0,0,0,0,0,0,0,0,0,0,0,0,0,0,0,0,0,0,0,0,0,0
India,20.39,11.67,1.61,12.96,0.19,6.52,3.77,-12.96,710.74,0,4.22,0.08,1.55,18.78,2387.27,7.51,0.18,1,0.49,0.94,10.62,6.91,0.37,0,0.1,7.63,10.54,13.12,124.73,132.34,120.5,0,0,0,0.07,0.14,32.65,0,0,0.06,0.11,0.01,0,12.07,0.04,0,0,0.04,0,0.89,12.93
Indonesia,327.83,8.38,2.96,7.11,0.01,3.81,1.17,32.19,210.41,4.73,2.33,0,0.08,0.75,-314.1,54.25,0.01,0.06,-10.38,10.52,30.35,1.23,0.03,1.25,0.47,-14.93,6.42,24.99,40.57,108.92,15.64,0,0,0,0,0,0.01,0,0,0.33,0.05,0,0,0.21,0.04,0,0,0.68,0,1.52,18.22
Iran,0.1,18.46,0.22,0.09,0.01,3.01,0,13.31,111.14,1.03,7.14,0,0,3.94,42.52,9.96,0.02,0,0,0,1.87,7.17,0.01,0.01,0,0.6,1.68,0.71,0.6,0,32.49,0,0,0,0,0.01,0,0,0,0,0,0.74,0,7.03,0.07,0,0,0.02,0,1.75,15.46
Iraq,15.9,3.31,5.14,74.23,3.45,10.37,4.38,39.77,366.58,0.07,4.59,0,1.89,12.21,288.13,13.53,0.13,3.1,29.29,2.63,25.71,2.09,0.12,0.27,0,0.41,45.29,15.01,69.73,461.33,195.45,0,0.06,0,0,0.05,0.11,0,21.25,0,0,0,0,6.17,0.21,0,0,0.01,0,32.95,28.79
Israel,0,0,0,0,0,0,0,0,0,0,0,0,0,0,0,0,0,0,0,0,0,0,0,0,0,0,0,0,0,0,0,0,0,0,0,0,0,0,0,0,0,0,0,0,0,0,0,0,0,0,0
Jamaica,0.02,0,0,6.48,0,0,0,-1.93,-0.75,0,0,0,0,0,-2.65,0.79,0,0,-0.06,0.15,0,0.03,0,0,0,0.72,0.13,0,8.44,24.48,14.35,0,0,0,0,0,0.06,0,-0.83,0,0,0,0,0,0,0,0,0,0,0.01,0
Jordan,15.3,7.42,2.44,66.87,1.81,4.96,0.34,62.37,438.48,1.04,10.08,0.24,3.47,60.89,75.43,11.37,0,1.67,15.09,0.05,22.31,0.8,0,0.02,0.07,1.66,11.99,21.39,85.81,1267.98,668.42,0,0.01,0,0.24,0.13,62.92,0,42.08,0,0,0,0,3.18,0.76,0,0,0,0,2.9,150.6
Kazakhstan,0,3.41,0,0.17,0,0,0.04,3.53,3.83,0,4.9,0.18,0,0.25,-33.22,2.11,0.18,0.04,0.45,0,0,1.91,0,0,0,0.06,0.07,0.04,2.69,15.33,1.67,0,0,0,0,0,0.98,0,-0.75,0.03,0,0,0,1.63,0.18,0,0,0,0,24.14,0.28
Kenya,5.75,2.53,13.02,32.05,0.27,52.69,10.67,73.16,88.97,3.77,3.02,0.28,10.37,12.18,228.52,35.68,0,0.26,10.62,0.71,10.71,3.96,0.07,2.32,0.63,0.15,57.21,13.5,99.03,701.44,128.72,0,0,0,0,1.26,0.83,0,-1.66,0.37,0,0,0,9.27,0.04,0,0,0.02,0,0.82,0.66
Kiribati,29.57,0,0,0.12,0,0,0,0,0,0,0,0,0,0,1.37,3.67,0,0,0,23.73,0.01,0,0,0,0,0,0,0,0.01,0.22,0.92,0,0,0,0,0,0.01,0,0,0,0,0,0,0.36,0,0,0,0,0,0,0.1
Korea,0,0,0,0,0,0,0,0,0,0,0,0,0,0,0,0,0,0,0,0,0,0,0,0,0,0,0,0,0,0,0,0,0,0,0,0,0,0,0,0,0,0,0,0,0,0,0,0,0,0,0
Kosovo,0.01,11.09,0.01,0.08,0.18,0,0.87,3.68,30.59,0,1.61,0,0.26,0.58,2.85,0,0,7.98,0.12,0,4.94,0.91,0.01,0.28,1.05,0.01,17.33,21.43,7.36,55.26,200.08,0,0.07,0.08,0,0,0.01,0,0,0,0.4,0,0,0,0,0,0,0,0,4.94,0.01
Kuwait,0,0,0,0,0,0,0,0,0,0,0,0,0,0,0,0,0,0,0,0,0,0,0,0,0,0,0,0,0,0,0,0,0,0,0,0,0,0,0,0,0,0,0,0,0,0,0,0,0,0,0
Kyrgyzstan,0.03,0.71,0,1.45,0.02,-0.32,0.79,1.7,36.34,0,1.88,0,0,0.05,12.62,10.31,0,0,0.12,0,0.35,0.47,0,0.01,0.05,0,0.25,27.14,6.65,47.85,75.8,0,0,0,0,0.19,0.1,3.01,-0.66,0,0,0,0,0.04,0.02,0,0,0,0,19.29,2.14
Lao People's Democratic Republic,41.02,1.04,0,0.69,0.05,0.52,1.14,12.85,33.6,2.03,3.66,0,1.29,0.13,48.85,57.75,0,20.37,0.03,4.78,2.11,3.32,0,0,0,0,2.05,19.98,1.5,69.31,93.14,0,0,0,0,0,0,0,-1.22,0,0,0,0,0,0,0,0,49.63,0,0.04,0
Lebanon,10.88,7.58,9.99,68.26,1.07,31.42,2.33,92.35,354.2,0.31,5.81,0.43,4.62,29.03,10.32,3.71,0.02,0.7,22.99,0,53.96,2.58,0,1.07,0.33,6.64,10.67,26.07,79.7,270.82,153.24,0,0,0.12,3.54,0.29,0.03,0,-3.2,0,0.01,0,1.12,8.02,0.56,0,0,0,0,2.21,-3.71
Lesotho,0.09,0.23,0,0.59,0,0,0,0.02,1.1,0,0,0,0,0,4.04,0.02,0,0,0,0.02,0.23,0,0,0.03,0,0,0.27,0.42,1.24,83.35,22.62,0,0,0,0,0,0.02,0,-1.69,0,0,0,0,0.07,0,0,0,0.02,0,0.37,0.29
Liberia,0.02,0.03,0,1.06,0,0.91,0.1,6.34,35.11,0,0,0.37,6.95,0,17.86,0.46,0,0,0.06,0,3.15,0.04,0,0,0,0.07,45,0.04,4.03,144.49,36.13,0,0,0,0,0,0.04,0,0.87,0,0,0,0,0.09,0,0,0,0,0,0.15,2.36
Libya,0,3.57,0.31,3.66,0.71,2.52,0.82,6.74,50.87,1.83,0.05,0,0.07,21.89,14.71,0.15,0,0.25,2.39,0,3.43,0.1,0,0,0,0.14,5.89,8.05,17.59,78.21,92,0,0,0.01,0,0,0,0,0,0,0.11,2.88,0,0.2,0.07,0,0,0,0,11.69,1.5
Macau (China),0,0,0,0,0,0,0,0,0,0,0,0,0,0,0,0,0,0,0,0,0,0,0,0,0,0,0,0,0,0,0,0,0,0,0,0,0,0,0,0,0,0,0,0,0,0,0,0,0,0,0
Madagascar,0.22,0.1,4.66,4.82,0,0,1.33,106.27,84,0,0,0,0.76,3,41.68,4.05,0,1.16,0,0,9,0.06,0,0,0.34,0.03,4.65,6.04,8.72,153.46,84.03,0,0,0,0,0,0.12,0,-5.99,0,0.05,0,3.16,0,0.02,0,0,0.01,0,0.24,1.52
Malawi,1.82,0.06,2.88,10.52,0.02,2.76,1.18,2.97,93.3,0,0,6.6,20.6,1.67,19.67,3.88,0,0.82,0,0.24,53.63,0.03,0,0,0,0.54,5.12,0.66,58.18,285.39,119.41,0,0,0,0,0,0.35,0,3.73,0,0,0,0.12,1.04,0,0,0,0.01,0,0.14,0.71
Malaysia,1.64,0.21,0,0.65,0,0.02,0,5.12,13.31,0,0.41,0,0,0.02,-69.36,3.26,0,0,0,0.11,0,0.33,0.01,0,0,-0.23,0.77,0,15.03,16.36,2.09,0,0,0,0,0,0.01,0,0,0,0,0,0,1.05,0,0,0,0.03,0,0.61,0.59
Maldives,1.51,0.1,0,1.21,0,0,0,0.13,0.37,0,0,0,0,0,26.22,0.02,0,0,0,0,0,0,0,0,0,0,0,0,2.24,5.77,2.32,0,0,0,0,0,0,0,1.7,0,0,0,0,0.01,0,0,0,0.07,0,0.01,0.54
Mali,0,1.74,21.63,92.49,1.9,89.73,1.14,119.69,118.36,0,0.1,0.17,1.12,8.91,16.31,1,0.12,21.44,50.49,0,27.69,0.02,0.27,0,0,17.33,52.93,41.31,11.66,222.07,126.4,0,0,0,0,0,0.03,0,0.17,0.01,0.33,0,0,0.47,0.01,0,0,0,0,0.6,0.48
Malta,0,0,0,0,0,0,0,0,0,0,0,0,0,0,0,0,0,0,0,0,0,0,0,0,0,0,0,0,0,0,0,0,0,0,0,0,0,0,0,0,0,0,0,0,0,0,0,0,0,0,0
Marshall Islands,2.68,0,0,0.32,0,0,0,0,1.56,0,0,0,0,0,1.09,0.74,0,0,0,1.23,0,0,0,0,0,0,0,0.11,0,88.24,3.04,0,0,0,0,0,0.06,0,0,0,0,0,0,0,0,0,0,0,0,0,0
Mauritania,0,0,0.42,3.13,0.25,0.02,0,-11.24,22.03,0,0.07,0,0.4,1.24,8.13,0.17,0,0,0,0,0,0,0,0,0,12.8,0.97,0.48,0.72,20.58,64.81,0,0,0,0,0,0,0,-7.45,0,0,0,0.76,0.02,0,0,0,0,0,0.42,126.23
Mauritius,0.28,0.06,0,0.19,0,0,0.7,-13.73,3.93,0,0.01,0,0,0.01,286.75,0.23,0,0,0,0.01,0,0.02,0.01,0,0,0,0.01,0,1.23,0.96,1.44,0,0,0,0,0.01,0.05,0,0,0,0,0.01,0,0.09,0.01,0,0,0.02,0,0.04,0.15
Mayotte,0,0,0,0,0,0,0,0,0,0,0,0,0,0,0,0,0,0,0,0,0,0,0,0,0,0,0,0,0,0,0,0,0,0,0,0,0,0,0,0,0,0,0,0,0,0,0,0,0,0,0
Mekong Delta Project,0,0,0,0,0,0,0,0,0,0,0,0,0,0,0,0,0,0,0,0,0,0,0,0,0,0,0,0,0,0,0,0,0,0,0,0,0,0,0,0,0,0,0,0,0,0,0,0,0,0,0
Mexico,0.11,5.01,0.06,4.74,0.01,0.2,0.19,352.66,-32.48,0,0.71,0,0.19,0.44,5.1,1.4,0.02,0.01,0.12,0.11,0,0.48,0.23,0,0,5.01,1.08,1.42,28.01,152.59,4.19,0,0,0,0,0,2.99,0,0,0.02,0,0,0,0.87,0.02,0,0,0,0,0.63,0.03
Micronesia,3.94,0,0,0.1,0,0,0,0,0,0,0,0,0,0,2.67,0.69,0,0,0,1,0,0,0,0,0,0,0,0,0,110.49,-0.16,0,0,0,0,0,0.03,0,0,0,0,0,0,0,0,0,0,0,0,0,0
Moldova,0.01,5.12,0.01,0.18,5.77,0.01,0.59,3.78,15.82,0,2.18,0,0,0.52,2.22,0.45,0.29,0.1,0,0,1.08,2.42,0,0.94,0,0.02,16.7,15.24,3.12,41.08,330.13,0,0.16,0,0,1.06,0.71,0,0,0.3,1.93,0,0,0.21,64.54,0,0,0,0,3.48,0
Mongolia,4.79,3.57,0,4.97,0.34,0,0.44,2.73,18.12,0,6.73,0,0,0.08,19.05,30.13,0.05,0.79,0.31,0.08,0.29,0.28,0,0,0,-1.09,0.14,13.68,2.48,39.26,20.87,0,0.08,0.02,0,0,0.02,0,-2.27,0,0,0,0,0.06,0.03,0,0,0.05,0,2.32,-0.71
Montenegro,0.01,1.07,0,0.11,0.03,0,0,0.62,0.2,0,8.19,0,0,0.05,0.58,0.37,0,0.14,0,0,1.36,-0.28,0,1.27,1.47,-0.53,0.29,0,2.61,5.24,107.62,0,0.07,0.07,0,0,0.02,0,0,0,0,0,0,0.15,0.02,0,0,0,0,0.94,0
Montserrat,0,0,0,0.03,0,0,0,0,0,0,0,0,0,0,0,0,0,0,0,0,0,0,0,0,0,0,0,0,37.34,0,2.37,0,0,0,0,0,0,0,0,0,0,0,0,0,0,0,0,0,0,0,0.02
Morocco,0.01,0.98,16.95,5.86,1.38,2.47,0.26,250.37,201.78,0,3.12,0,0,-3.18,147.78,4.65,0.01,0,0.42,0,0.83,0.41,0.29,0,0,3.85,1.26,4,9.68,183.91,181.68,0,0.01,0,0,0,0.09,0,-40.7,0,0,0,1.13,1.74,0.13,0,0,0,0,0.7,0.73
Mozambique,1.15,12.89,16.35,82.27,0.02,3.02,17.26,45.68,97.75,0,0.38,0,32.06,22.92,69.7,19.48,0,0.09,30.14,0.02,59.82,0.04,23.04,0,0,15.82,91.42,33.06,51.57,573.86,129.51,0,0,0,0,0,0,0,-0.66,0,1.74,0,0,0.06,0,0,0,0.02,0,0.21,7.46
Myanmar,68.24,0.07,0.02,20.12,1.33,22.45,15.24,8.15,40.76,0,0.77,0,2.86,6.13,404.43,39.38,0,5.49,2.29,17.97,32,0.16,0,0,0,0.01,41.71,45.95,91.18,156.13,86.83,0,0,0,0,0,0.14,0,0,0,0.11,0,0,0.12,0,0,0,2.4,0,0.27,0.01
Namibia,0.07,0.06,0.04,0.23,0.08,0,0.76,-4.28,58.45,0,0.06,0.1,0.05,0.02,4,0.3,0,0,0,0.09,0.48,0.04,0.19,0,0,-1.26,2.24,0.44,1.99,82.55,9.09,0,0.03,0,0,0.28,0,0,-0.5,0,0,0.01,0,0,0,0,0,0,0,0.16,0.01
Nauru,20.29,0,0,0.1,0,0,0,0,0,0,0,0,0,0,1.14,0,0,0,0,3.14,0,0,0,0,0,0,0,0.16,0,0,0,0,0,0,0,0,0.02,0,0,0,0,0,0,0,0,0,0,0,0,0,0
Nepal,25.57,2.3,0.19,7.89,0,3.21,23.08,1.17,54.33,0,0.35,0,1.06,1.32,91.14,13.41,0.07,2.89,0,1.19,39.68,0.16,0,0,0.22,0.17,5.63,46.11,81.57,160.1,115.88,0,0,0,0,0,0.29,0,1.62,0,0,0,0,1.82,0,0,0,0.08,0,0.16,1.96
Netherlands Antilles,0,0,0,0,0,0,0,0,0,0,0,0,0,0,0,0,0,0,0,0,0,0,0,0,0,0,0,0,0,0,0,0,0,0,0,0,0,0,0,0,0,0,0,0,0,0,0,0,0,0,0
New Caledonia,0,0,0,0,0,0,0,0,0,0,0,0,0,0,0,0,0,0,0,0,0,0,0,0,0,0,0,0,0,0,0,0,0,0,0,0,0,0,0,0,0,0,0,0,0,0,0,0,0,0,0
Nicaragua,0.05,0.76,2.19,14.15,0.04,0.1,0.28,6.5,7.79,0,0,0,1.37,2.79,17.18,20.33,0,1.04,0.07,0.03,1.77,0,0,0,0,29.97,1.59,18.56,0.57,40.3,55.45,0,0,0,0,0,0.07,0,15.34,0,0,0,0,0,0,0,0,0.01,0,0,0.01
Niger,0.26,0.09,34.57,20.38,1.38,31.93,1.32,125.91,154.37,0.07,0,0.17,3.82,22.69,22.06,2.29,0,36.2,25.87,0,17.54,0.93,0,0,0,10.83,11.77,31.86,1.49,261.4,164.16,0,0,0,0,0,0.01,0,0.03,0,0,0,1.45,0.01,0.12,0,0,0,0,1.45,1.02
Nigeria,2.41,1.56,5.94,60.39,1.14,2.89,0.17,117.72,145.88,0,3.73,0,2.97,4.1,25.71,5.66,0.19,1.4,14.12,0.25,17.14,4.98,0.16,0,2.62,1.71,29.57,15.56,192.77,912.51,156.11,0,0,0,0,0.04,0.7,0,0,0,0,0,0,17.7,0.09,0,0,0.05,0,0.77,0.27
Niue,2.38,0,0,0,0,0,0,0,0,0,0,0,0,0,1.03,0,0,0,0,23.79,0,0,0,0,0,0,0,0,0,0,0.01,0,0,0,0,0,0,0,0,0,0,0,0,0,0,0,0,0,0,0,0
North Macedonia,0.01,3.24,0,0.11,0.13,0,0,1.52,6.82,0.86,0.44,0,0,0.11,-2.06,0.01,0,0.16,0.27,0,0.71,1.15,0.02,0.31,7.25,-0.37,8.89,20.57,5.58,16.19,264.8,0,1.24,0.29,0,0.05,0.12,0,0,0,0,0,0,0,0.18,0,0,0,0,4.5,0.06
Northern Mariana Islands,0,0,0,0,0,0,0,0,0,0,0,0,0,0,0,0,0,0,0,0,0,0,0,0,0,0,0,0,0,0,0,0,0,0,0,0,0,0,0,0,0,0,0,0,0,0,0,0,0,0,0
Oman,0,0,0,0,0,0,0,0,0,0,0,0,0,0,0,0,0,0,0,0,0,0,0,0,0,0,0,0,0,0,0,0,0,0,0,0,0,0,0,0,0,0,0,0,0,0,0,0,0,0,0
Pakistan,10.82,4.68,0.06,29.72,0.02,5.54,0,45.12,147.33,0.87,4.99,0,0,4.5,75.95,20.43,0.04,0,3.27,0,11.83,1.37,0,0,0,0.03,5.47,0.79,175.74,236.58,117.26,0,0,0,0,0.24,0.14,0,-13.91,0,0,0,0,16.42,0.02,0,0,0.05,0,2.99,21.36
Palau,4.63,0,0,0.1,0,0,0,0,0.05,0,0,0,0,0,13.95,0.39,0,0,0,0.95,0,0,0,0,0,0,0,0,0,4.41,0,0,0,0,0,0,0,0,0,0,0,0,0,0,0.02,0,0,0,0,0,0
Panama,0.01,0.03,0,0.42,0.01,0,0,-8.68,0.95,0,0.05,0,0,0.01,66.01,-0.79,0,0,0.02,0.05,0,0.02,0.02,0,0,-3.47,0.6,0.15,1.19,35.6,12.95,0,0,0,0,0,0.52,0,0,0,0,0,0,0,0,0,0,0,0,0,0
Papua New Guinea,586.23,0,0.02,0.11,0.02,0,0,0.08,2.36,0,0,0,0.01,0.14,345.67,1.41,0,0,0,23.75,1.38,0.03,0,0,0,0,0.01,0.02,1.65,13.85,65.58,0,0,0,0,0,0.02,0,0,0,0,0,0,0,0,0,0,0,0,0,0
Paraguay,0.03,0.21,0.01,0.18,0.01,0,0,30.63,3.72,0,0.01,0,0.03,0.59,11.87,30.83,0,0.12,0,0.01,0,0,0,0,0,20.11,1.7,0.6,1.14,21.59,25.66,0,0,0,0,0,0.14,0,0,0,0,0,0,0,0,0,3,0,0,0.05,0.43
Peru,0.2,1.14,8.29,18.8,0.31,0.04,0.34,-20.28,-2.26,0,0.06,0,0.64,2.97,-24.87,11.96,0,0.46,-0.24,0.07,11.27,0.2,0.03,0,0,30.56,2.25,23.26,10.92,170.24,16.38,0,0,0,0,0,0.33,0,0,0,0.53,0,0,0.06,0.05,0,0,0.01,0,0.17,0.07
Philippines,65.21,0.74,5.49,11.25,0.07,0.54,0.68,319.77,17.71,0,0.6,0,0.52,0.85,732.91,178.48,0,0.5,0.65,2.19,1.93,2.99,0,0,0,6.39,8.05,1.68,18.81,159.19,47.46,0,0,0,0,0,0.81,0,0,0,0,0.14,0,0.78,0,0,0,0.24,0,0.27,3.48
Qatar,0,0,0,0,0,0,0,0,0,0,0,0,0,0,0,0,0,0,0,0,0,0,0,0,0,0,0,0,0,0,0,0,0,0,0,0,0,0,0,0,0,0,0,0,0,0,0,0,0,0,0
Rwanda,2.8,0.31,52.33,21.99,0.01,6.39,0.22,71.46,100.79,3.78,4.42,0,2.37,7.96,70.93,25.97,0,1.67,21.66,1.04,6.15,2.14,3.21,3.44,0.08,10.13,28.87,7.85,48.07,151.99,67.15,0,0,0.67,0,0.71,0.42,0,5.61,0,0,0.72,0,2.17,0.01,0,0,0,0,0.61,3.44
Saint Helena,0,0,0,0,0,0,0,0,0,0,0,0,0,0,0,0,0,0,0,0,0,0,0,0,0,0,0,0,53.2,0,0.72,0,0,0,0,0,0,0,0,0,0,0,0,0,0,0,0,0,0,0,0
Saint Kitts and Nevis,0,0,0,0,0,0,0,0,0,0,0,0,0,0,0,0,0,0,0,0,0,0,0,0,0,0,0,0,0,0,0,0,0,0,0,0,0,0,0,0,0,0,0,0,0,0,0,0,0,0,0
Saint Lucia,0.01,0.02,0,0.97,0,0,0.01,0.95,0.02,0,0,0,0,0,6.39,0,0,0,0,0.17,0,0,0,0,0,0.07,0,0,0.42,0.03,3.65,0,0,0,0,0,0,0,-0.86,0,0,0,0,0,0,0,0,0,0,0,0.75
Saint Vincent and the Grenadines,0.05,0.16,0,0.92,0,0,0,0.17,0.02,0.01,0,0,0.24,0,3.49,0.25,0,0,0,0.17,0.15,0,0,0,0,0.41,0,0.05,1.12,1.33,0.78,0,0,0,0,0,0,0,0,0,0,0.03,0,0.5,0,0,0,0,0,0.02,0.77
Samoa,34.99,0,0,0.12,0,0,0,0.01,0.15,0,0,0,0,0,8.55,1.48,0,0,0,25.62,0,0,0,0,0,0,0.12,0,0.91,0.78,0.69,0,0,0,0,0,0.07,0,0,0,0,0,0,0,0,0,0,0,0,0,0
Sao Tome and Principe,0,0,0,0.16,0,0,0,0.5,0,0,0.02,0.02,0,0.11,3.83,0.18,0,0,0,0,0,0,14.84,0,0,0.01,0.03,0,0,0.03,4.43,0,0,0,0,0,0.02,0,0,0,0,0,0,0,0,0,0,0,0,0.01,0
Saudi Arabia,0,0,0,0,0,0,0,0,0,0,0,0,0,0,0,0,0,0,0,0,0,0,0,0,0,0,0,0,0,0,0,0,0,0,0,0,0,0,0,0,0,0,0,0,0,0,0,0,0,0,0
Senegal,0.02,0.84,16.89,62.48,1.46,0.07,0.13,245.97,118.82,0,0.23,0.01,0.53,32.08,39.5,26.07,0,28.04,1.15,0,0.19,0.34,2.59,0,0,24.22,2.18,5.53,3.98,178.51,130.08,0,0,0,0,0,0.41,0,13.67,0,0.73,0,0.86,0.95,0.01,0,0,0.05,0,0.84,1.88
Serbia,0.02,29.48,0,0.13,0.48,0.01,-1.4,71.71,43.57,0.04,5.3,0,0,0.42,61.55,1.32,0.01,0.16,0.17,0,3.87,0.12,0.05,1.79,5.76,0.72,14.67,22.81,4.08,35.01,364.21,0,0.18,0.95,0,0,0.56,0,-2.37,0,0,0,0,0.06,2.96,0,0,0,0,1.05,-84.96
Seychelles,0,0,0,0,0,0,0,0,0,0,0,0,0,0,0,0,0,0,0,0,0,0,0,0,0,0,0,0,0,0,0,0,0,0,0,0,0,0,0,0,0,0,0,0,0,0,0,0,0,0,0
Sierra Leone,0.01,0.06,0,5.95,0,1.38,0.51,1.65,22.41,0,0,2.78,19.18,2,16.06,7.76,0,0,0,0,1.85,0.04,0,0,0,0.73,1.04,0.03,68.84,52.18,67.85,0,0,0,0,0,0.05,0,-0.95,0,0,0,0,0,0,0,0,0,0,0.3,9.08
Singapore,0,0,0,0,0,0,0,0,0,0,0,0,0,0,0,0,0,0,0,0,0,0,0,0,0,0,0,0,0,0,0,0,0,0,0,0,0,0,0,0,0,0,0,0,0,0,0,0,0,0,0
Slovenia,0,0,0,0,0,0,0,0,0,0,0,0,0,0,0,0,0,0,0,0,0,0,0,0,0,0,0,0,0,0,0,0,0,0,0,0,0,0,0,0,0,0,0,0,0,0,0,0,0,0,0
Solomon Islands,137.64,0,0,0.1,0,0,0,0,0.43,0,0,0,0.01,0,51.17,0.79,0,0,0,29.58,0,0,0,0,0,0,0.08,0,0.82,1.96,2.59,0,0,0,0,0,0.1,0,0,0,0,0,0,0,0,0,0,0,0,0,0
Somalia,0.66,1.05,0.05,36.95,0.05,42.49,22.36,20.81,170.78,0,0,0.14,8.53,541.4,21.74,0.85,0.08,1.22,21.69,0,61.29,1.86,0.11,0.08,0,0.31,109.84,25.95,138.51,469.79,361.93,0,0,0,0,0.06,0,0,0,0,0.11,0,0,19.01,0,0,0,0.01,0,51.8,26.89
South Africa,1.47,0.77,11.62,9,0.92,1.35,2.85,216,-12.07,0,1.58,0,5.69,1.28,6.36,0.23,0.01,0.26,0.41,0.12,4.44,0.16,1.02,0,0,0.07,7.25,13.42,140.98,697.57,-324.17,0,0,0,0,0,0.95,0,0,0,0,0,0.46,0.21,0,0,0,0,0,0.39,0.52
South Sudan,1.85,2.4,0,108.96,0,15.66,6.86,5.11,137.05,0,0.06,0.37,11.53,7.2,41.71,4.03,0,4.95,33.08,2.83,70.53,0.19,0.46,0.17,0.05,1.26,85.67,25.27,132.29,799.29,119.49,0,0,0,0,0.06,0.02,0,0,0,0.11,0,0,2.53,0.04,0,0,0.01,0,0.68,2.36
Sri Lanka,20.09,1.88,0.41,3,0.04,0.06,0.17,13.85,15.75,0,5.23,0,0.03,1.78,-28.73,8.42,0,0.09,0.18,0.65,6.95,0.17,0,0,0,-1.37,2.61,7.59,11.81,54.69,64.93,0,0,0,0,0,0.23,0,11,0,0,0,0,0.11,0.02,0,0,0.09,0,0.22,0.38
States Ex-Yugoslavia unspecified,0,2.63,0,0,0.05,0,0.1,0.05,0,0,0,0,0,1.18,0,0,0,0,0,0,1.12,0,0,0,0.37,0,0,0,0.11,0,20.02,0,0,0,0,0,0.01,0,0,0,0,0,0,0,0,0,0,0,0,0,0
Sudan,0.19,0.35,0.01,48.89,0,18.31,0.51,44.25,167.5,0,0.52,0,6.39,32.1,48.94,5.93,0,0,9.65,0,27.08,0.08,0,0.03,0.08,16.12,80.99,14.51,129.59,734.12,161.83,0,0,0,0,0.11,0,0,0.26,0,0,1.22,0,6.17,0,0,0,0,0,3.36,50.04
Suriname,0.03,0,0.18,0.93,0,0,0,0.66,0.14,0,0,0,0,0.35,0.12,0.23,0,0,2.6,0.01,0,0,0,0,0,0.44,0,0,0.01,0.23,2.92,0,0,0,0,0,0,0,0,0,0,0,0,0,0.01,0,0,0,0,0.01,1.5
Syrian Arab Republic,3.06,17.74,22.92,69.58,3.09,75.3,16.93,63.32,670.39,1.03,16.69,0.95,9.42,13.25,87.65,6.68,0.06,6.08,8.13,1.41,104.19,1.66,3.12,0.5,0.21,10.31,83.48,38.05,125.27,801.62,555.63,0,0.09,0,0,0.33,0.01,0,30.56,0.06,0.22,0.09,0,14.37,0.69,0,0,0,0,6689.83,31.65
Chinese Taipei,0,0,0,0,0,0,0,0,0,0,0,0,0,0,0,0,0,0,0,0,0,0,0,0,0,0,0,0,0,0,0,0,0,0,0,0,0,0,0,0,0,0,0,0,0,0,0,0,0,0,0
Tajikistan,0.01,0.37,0,1.55,0.03,0,1.13,0.17,12.85,0,0.45,0,0,0,30.28,6.26,0.41,0,0,0,2.28,0.25,0,0,0,0,0.52,21.1,2.55,47.75,101.71,0,0,0,0,0,0.06,4.55,6.81,0.04,0,0,0,2.3,0.01,0,0,0,0,1.86,3.69
Tanzania,2.41,1.25,14.82,48.89,0,50.75,20.74,40.19,62.39,0,0.59,0.01,29.8,7.88,41.74,56.07,0,0.45,0.31,0.11,45.7,3.03,0.03,0,0,1.55,83.31,33.04,83.36,506.86,138.77,0,0,0,0,0,0.16,0,-1.28,0,1.15,0.01,0,1.58,0,0,0,0.03,0,1.15,-2.41
Thailand,6.78,0.84,0.02,0.05,0.03,0.06,2.3,15.26,19.42,0,0.46,0,0.28,0.3,-63.73,7.81,0.01,0.17,0.08,0.24,0.85,0.8,0.09,0,0,0.07,3.27,11.24,13.02,64.51,8.27,0,0,0,0,0,0.17,0,0,0,0,0,0,0,0.01,0,0,0,0,0.32,0
Timor-Leste,104.12,0.1,0,0.2,0,0,0,0.18,6.04,0,0.02,0,0,0.4,21.7,14.61,0,0,0,13.29,0.33,0,17.17,0,0,0,0.93,0,0.22,29.76,16.08,0,0,0,0,0,0,0,0,0,0,0,0,0,0,0,0,0,0,0,0
Togo,0,0.03,0.71,4.45,0,0.41,0,43.66,67.55,0,8.02,0.03,0.02,1.97,4.04,2.58,0,1.52,0,0,0.56,0.01,0,0,0,1.16,2.4,1.67,0,13.73,29.47,0,0,0,0,0,0.04,0,2.74,0,0,0,0,0,0.02,0,0,0,0,0.36,5.62
Tokelau,0.7,0,0,0,0,0,0,0,0,0,0,0,0,0,0,0,0,0,0,14.21,0,0,0,0,0,0,0,0,0,0,0,0,0,0,0,0,0,0,0,0,0,0,0,0,0,0,0,0,0,0,0
Tonga,31.4,0,0,0.12,0,0,0,0.09,0.05,0,0,0,0,0,13.72,0.17,0,0,0,15.28,0,0,0,0,0,0,0.04,0,0.19,1.03,0.14,0,0,0,0,0,0,0,0,0,0,0,0,0,0,0,0,0.01,0,0,0
Trinidad and Tobago,0,0,0,0,0,0,0,0,0,0,0,0,0,0,0,0,0,0,0,0,0,0,0,0,0,0,0,0,0,0,0,0,0,0,0,0,0,0,0,0,0,0,0,0,0,0,0,0,0,0,0
Tunisia,0.01,3.35,0.59,6.67,0.84,2.95,0.3,145.7,383.32,0.67,5.41,0,0.01,53.41,9.97,3.18,0,0.36,15.16,0,0.2,3.5,0.09,0,0.03,-17.06,2.54,22.71,13.72,109.37,279.89,0,0.01,0.01,0,0,0.02,0,14.81,0.33,0,0.18,0.63,0.33,0.48,0,0,0,0,1.45,20.33
Türkiye,0.07,27.61,13.1,0.15,2.39,2.65,3,45.25,144.2,2.48,5.48,0.34,3.41,24.49,-41.78,1.91,0.63,0.46,1.2,0,4.67,9.38,0.11,1.13,0.51,-14.04,20.75,2.79,52.09,64.18,702.24,0,0.66,0.63,0,0.06,0.28,0,-5.23,0.4,0.75,0.08,0,1.22,2.55,0,0,0,0,0,7.57
Turkmenistan,0,0.29,0,0.06,0,0,0,0.43,1.42,0,0.34,0,0.01,0.01,1.21,1.25,0,0,0,0,0,0.15,0,0,0,0,0,0,0.51,4.56,3.46,0,0,0.01,0,0,0.14,0,0,0,0,0,0,0,0.59,0,0,0,0,0.54,3.54
Turks and Caicos Islands,0,0,0,0,0,0,0,0,0,0,0,0,0,0,0,0,0,0,0,0,0,0,0,0,0,0,0,0,0,0,0,0,0,0,0,0,0,0,0,0,0,0,0,0,0,0,0,0,0,0,0
Tuvalu,11.31,0,0,0.12,0,0,0,0,0,0,0,0,0,0,3.18,0.84,0,0,0,5.51,0,0,0,0,0,0,0,0,0.03,0.15,2.25,0,0,0,0,0,0,0,0,0,0,0,0,0,0.02,0,0,0,0,0,0
Uganda,3.13,15.11,49.69,30.39,0.01,64.49,6.37,67.11,82.6,0.01,8.74,8.08,28.78,6.48,62.73,29.91,0,0.63,37.65,0.09,32.82,0.14,0,0.18,1.17,22.82,79.99,3.39,88.52,630.78,171.15,0,0,0,0,1.42,0.17,0,0.75,0,0,0,0,2.75,0.01,0,0,0.02,0,0.66,3.95
Ukraine,0.07,20.5,3.88,37.85,4.08,35.01,10.46,25.33,223.66,0.71,20.79,0.08,0.43,1.6,-16.16,1.51,2.99,1.18,1.07,0,18.5,94.89,0.37,1.54,1.02,0.07,33.53,45.81,42.93,304.72,1180.79,0,0.26,0,0,3.94,8.54,0,0,0.92,0.02,0.02,0.01,0.2,2.42,0,0,0,0,1.24,0.03
United Arab Emirates,0,0,0,0,0,0,0,0,0,0,0,0,0,0,0,0,0,0,0,0,0,0,0,0,0,0,0,0,0,0,0,0,0,0,0,0,0,0,0,0,0,0,0,0,0,0,0,0,0,0,0
Uruguay,0,0,0,0,0,0,0,0,0,0,0,0,0,0,0,0,0,0,0,0,0,0,0,0,0,0,0,0,0,0,0,0,0,0,0,0,0,0,0,0,0,0,0,0,0,0,0,0,0,0,0
Uzbekistan,0.02,2.14,0.01,0.13,0.07,0,0.08,16.51,18.96,0,0.51,0,0,0.07,348.37,38.32,0.02,0.08,0,0,0,1.87,0,0.02,0,0.02,0.16,6.65,3.37,37.92,61.99,0,0,0,0,0.11,0.59,0,17.58,0.23,0,0,0,1.23,0.11,0,0,0.01,0,3.79,34.98
Vanuatu,89.78,0.15,0,0.2,0,0.03,0.01,4.94,0,0,0,0,0,0,5.21,0.54,0,0,0,25.82,0,0,0.1,0,0,0,0.06,0.06,0.95,1.58,8.98,0,0,0,0,0,0,0,0,0,0,0,0,0,0,0,0,0,0,0,0.02
Venezuela,0,1.6,0,13.39,0.07,0.59,0,9.68,24.1,0.02,0.01,0,0.59,0.34,4.98,1.13,0.06,0,2.37,1.06,8.61,0.12,0.44,0.04,0,7.39,14.19,12.53,3.47,104.84,31.3,0,0,0,0,0,0.11,0,0,0.01,0,0.02,0,0.02,0.01,0,0,0,0,0.3,0.01
Viet Nam,88,2.69,8.16,11.97,1.93,1.63,3.5,123.83,123.85,1.68,12.28,0.01,4.29,5.97,-163.19,63.34,1.3,0.85,0.27,2.09,3.67,11.29,1.12,0.36,0,-3.63,3.63,21.81,14.5,142.81,17.31,0,0.07,0.4,0,0,1.12,0,0.26,0.2,0,0,0,0.29,0.91,0,0,0.59,0,0.05,0.41
Wallis and Futuna,0.06,0,0,0,0,0,0,109.51,0.01,0,0,0,0,0,0,0,0,0,0,0,0,0,0,0,0,0,0,0,0,0,0.94,0,0,0,0,0,0,0,0,0,0,0,0,0,0,0,0,0,0,0,0
West Bank and Gaza Strip,18.26,7.81,23.73,37.42,0.84,19.59,10.19,69,292.99,0.19,2.14,0.88,12.76,34.86,91.36,2.72,0.04,4.99,34.71,0.71,80.76,1.52,0.02,0.09,0.28,36.7,70.31,35.15,56.82,46.14,222.72,0,0.06,0,0.06,0.19,56.8,0,9.15,0,0,0.08,0,310.55,0.68,0,0,0,0,33.94,28.18
Yemen,7.51,8.27,6.85,64.59,0.16,26.16,4.47,12.56,397.67,0.04,1.26,1.14,7.57,0.53,66.77,20.38,0.12,3.01,30.96,2.48,25.17,0.78,0,1.4,0.13,1.03,51.31,16.92,157.38,900.57,195.38,0,0.06,0,0.05,0.06,0,0,3.36,0,0.11,0.06,0,48.44,0.06,0,0,0,0,3.89,259.15
Zambia,2.66,0.17,1.5,8,3.46,-1.83,4.5,4.69,47.51,0,0.02,0,5.88,0.69,26.46,1.26,0,0.38,0,0.92,5.51,0.03,0,0,0,3.15,61.7,0.74,38.41,399.98,82.51,0,0,0,0,0,0.12,0,-1.48,0,0.47,0,0,0.78,0,0,0,0.01,0,0.38,0.3
Zimbabwe,2.92,0.16,0.8,13.82,0.03,4.32,0.44,5.68,44.02,0.02,0.06,0,10.78,0.22,17.62,1.75,0,0,1.77,0.13,5.52,0.87,0.05,0,0,0.13,47.95,11.64,70.11,343.13,60.61,0,0,0,0,0,0.03,0,0.03,0,0.64,0,0,0.06,0.01,0,0,0,0,0.53,0